date,market,nav,daily_return,cumulative_return,holdings,cash,event,signal_date,turnover
2026-09-16,AU,99.27513991,-0.007248600948,-0.007248600948,29,0,rebalance:2026-09-15,2026-09-15,0.5
2026-09-17,AU,99.84793917,0.005769815708,-0.001520608331,29,0.2921754481,dividend:EDU.AX;dividend:WAF.AX,2026-09-15,0
2026-09-18,AU,100.7342465,0.008876570743,0.007342464624,29,0.3350813554,dividend:VLS.AX,2026-09-15,0
2026-09-21,AU,100.5072024,-0.002253891575,0.00507202393,29,0.3350813554,,2026-09-15,0
2026-09-22,AU,100.8858469,0.003767336753,0.008858468705,29,0.4560375223,dividend:FWD.AX,2026-09-15,0
2026-09-23,AU,101.9553544,0.01060116521,0.01955354401,29,0.4560375223,,2026-09-15,0
2026-09-24,AU,100.7789994,-0.01153794193,0.007789994421,29,0.4560375223,,2026-09-15,0
2026-09-25,AU,100.3660858,-0.004097218932,0.003660858176,29,0.4560375223,,2026-09-15,0
2026-09-28,AU,99.0071794,-0.01353949804,-0.009928206041,29,0.4560375223,,2026-09-15,0
2026-09-29,AU,98.99728389,-9.994738015e-05,-0.01002716112,29,0.4595551637,dividend:DPM.AX,2026-09-15,0
2026-09-30,AU,99.73537489,0.007455669169,-0.00264625115,29,0.474998124,dividend:GNP.AX,2026-09-15,0
2026-10-01,AU,98.732286,-0.01005750355,-0.01267714002,29,0.474998124,,2026-09-15,0
2026-10-02,AU,98.54161388,-0.001931203355,-0.01458386124,29,0.474998124,,2026-09-15,0
2026-10-05,AU,98.26505735,-0.002806494806,-0.01734942651,29,0.474998124,,2026-09-15,0
2026-10-06,AU,97.99554852,-0.002742672055,-0.02004451478,29,0.474998124,,2026-09-15,0
2026-10-07,AU,97.91171043,-0.000855529544,-0.02088289565,29,0.474998124,,2026-09-15,0
2026-10-08,AU,97.55091334,-0.003684922803,-0.02449086659,29,0.474998124,,2026-09-15,0
