ticker,exchange_symbol,company,sector,industry,market,currency,market_cap_local,market_cap_usd,enterprise_value_usd,enterprise_value_source,ttm_fcf,ttm_fcf_usd,normalized_fcf_margin,forward_growth,forward_revenue,forward_fcf,expected_fcf,expected_fcf_usd,fcf_yield,revenue_trend,ebitda_trend,fcf_per_share_trend,z_revenue,z_ebitda,z_fcf_per_share,growth_score,fcf_yield_rank,growth_rank,target_weight,raw_weight,ttm_source,data_quality_flags
AX1.AX,AX1,Accent Group Limited,Consumer Cyclical,Apparel Retail,AU,AUD,408806240,291483941.6,994512798,calculated,162717744,116019778.4,0.1057143483,0.03359206875,1590926609,168183769.6,165450756.8,117968450.6,0.1186193389,0.02607845751,-0.08318046464,,-0.4638368929,-0.6463128458,,-0.5550748694,26,219,0.03,58.17603579,revenue=provider_ttm|ebitda=provider_ttm|fcf=provider_ttm_fcf_field,revenue_ttm_from_provider|ebitda_ttm_from_provider|fcf_ttm_from_provider_fcf_field|preferred_stock_assumed_zero
BOL.AX,BOL,Boom Logistics Limited,Industrials,Specialty Business Services,AU,AUD,79851944,56935430.78,213895854,calculated,43126124,30749463.63,0.1591346401,0.06732693753,289249869.4,46029673.86,44577898.93,31784597.24,0.1485984728,0.0802342454,0.1130196566,,-0.2013834445,-0.09527636326,,-0.1483299039,16,137,0.03,47.07098108,revenue=provider_ttm|ebitda=provider_ttm|fcf=provider_ttm_fcf_field,revenue_ttm_from_provider|ebitda_ttm_from_provider|fcf_ttm_from_provider_fcf_field|preferred_stock_assumed_zero
DPM.AX,DPM,DPM Metals Inc.,Basic Materials,Gold,AU,AUD,1.276725555e+10,9103212249,8566459574,provider,744559000,744559000,0.5266695916,0.3,1679280200,884425817.2,814492408.6,814492408.6,0.09507923332,0.2609062171,0.2808230203,0.3718144253,0.6742013056,0.3760066038,0.2645420687,0.4382499927,46,60,0.03,88.79353605,revenue=quarterly_sum|ebitda=quarterly_sum|fcf=quarterly_sum,reporting_currency_differs:USD_vs_AUD|growth_clamped_high|total_debt_unavailable|ev_from_provider_fallback
DRR.AX,DRR,Deterra Royalties Limited,Basic Materials,Other Industrial Metals & Mining,AU,AUD,2149794560,1532830301,1729208905,calculated,258692992,184451325.8,1.067215314,-0.02068964219,237384830.7,253340726.6,256016859.3,182543209.8,0.1055645789,0.02555621839,0.03415811579,,-0.4663678035,-0.3167623939,,-0.3915650987,37,188,0.03,59.88344553,revenue=provider_ttm|ebitda=provider_ttm|fcf=provider_ttm_fcf_field,revenue_ttm_from_provider|ebitda_ttm_from_provider|fcf_ttm_from_provider_fcf_field|preferred_stock_assumed_zero
DUG.AX,DUG,DUG Technology Ltd,Technology,Information Technology Services,AU,AUD,237375936,169251999.3,202620999.3,calculated,23743876,23743876,0.2748547351,0.2676668884,109509939.5,30099325.41,26921600.7,26921600.7,0.1328667847,0.1558220585,0.1300760486,,0.1649353364,-0.04737275243,,0.05878129199,20,103,0.03,39.82141779,revenue=provider_ttm|ebitda=provider_ttm|fcf=provider_ttm_fcf_field,reporting_currency_differs:USD_vs_AUD|revenue_ttm_from_provider|ebitda_ttm_from_provider|fcf_ttm_from_provider_fcf_field|preferred_stock_assumed_zero
EDU.AX,EDU,EDU Holdings Limited,Consumer Defensive,Education & Training Services,AU,AUD,140689984,100313711.2,113779664.4,calculated,23948000,17075222.32,0.2380919241,0.3,130757900,31132400,27540200,19636505.67,0.1725836138,0.521730295,1.032851383,,1.938224623,2.48811062,,2.213167621,12,7,0.03,40.46808574,revenue=provider_ttm|ebitda=provider_ttm|fcf=provider_ttm_fcf_field,revenue_ttm_from_provider|ebitda_ttm_from_provider|fcf_ttm_from_provider_fcf_field|growth_clamped_high|preferred_stock_assumed_zero
FEX.AX,FEX,Fenix Resources Limited,Basic Materials,Steel,AU,AUD,200378048,142872044.3,176832827.6,calculated,28750376,20499376.23,0.04875201096,0.3,766645068.8,37375488.8,33062932.4,23574282.66,0.1333139496,0.3628891922,0.08797443024,,1.168438109,-0.1656169592,,0.5014105751,18,54,0.03,38.22566862,revenue=provider_ttm|ebitda=provider_ttm|fcf=provider_ttm_fcf_field,revenue_ttm_from_provider|ebitda_ttm_from_provider|fcf_ttm_from_provider_fcf_field|growth_clamped_high|preferred_stock_assumed_zero
FWD.AX,FWD,Fleetwood Limited,Industrials,Engineering & Construction,AU,AUD,254133120,181200080.3,248478509.7,calculated,56638124,40383687.95,0.1192391599,0.003805205388,476803457.3,56853643.69,56745883.85,40460522.06,0.1628330841,0.06068777344,0.08711870284,,-0.2961108812,-0.1680203064,,-0.2320655938,13,160,0.03,51.49539808,revenue=provider_ttm|ebitda=provider_ttm|fcf=provider_ttm_fcf_field,revenue_ttm_from_provider|ebitda_ttm_from_provider|fcf_ttm_from_provider_fcf_field|preferred_stock_assumed_zero
GDF.AX,GDF,Garda Property Group,Real Estate,Real Estate Services,AU,AUD,201688320,143806284.6,481192371,calculated,111030248,79165949.92,2.889531503,-0.15,32661250,94375710.8,102702979.4,73228503.67,0.152181348,-0.1485527258,0.7161320369,,-1.310146365,1.598590707,,0.144222171,15,93,0.03,62.75543039,revenue=provider_ttm|ebitda=provider_ttm|fcf=provider_ttm_fcf_field,revenue_ttm_from_provider|ebitda_ttm_from_provider|fcf_ttm_from_provider_fcf_field|growth_clamped_low|preferred_stock_assumed_zero
GNP.AX,GNP,GenusPlus Group Ltd,Industrials,Engineering & Construction,AU,AUD,1671270912,1191636979,1204652322,calculated,130070928,92742191.94,0.101532828,0.3,1665394432,169092206.4,149581567.2,106653520.7,0.0885346907,0.3580160134,0.3705623138,,1.14482138,0.6280432708,,0.8864323255,52,32,0.03,41.98606817,revenue=provider_ttm|ebitda=provider_ttm|fcf=provider_ttm_fcf_field,revenue_ttm_from_provider|ebitda_ttm_from_provider|fcf_ttm_from_provider_fcf_field|growth_clamped_high|preferred_stock_assumed_zero
HLO.AX,HLO,Helloworld Travel Limited,Consumer Cyclical,Travel Services,AU,AUD,231607424,165138978.4,136403863.4,calculated,39323376,28038056.94,0.1948911114,0.3,262302310.4,51120388.8,45221882.4,32243765.48,0.2363845471,0.586193842,0.3954218317,,2.250632233,0.6978622965,,1.474247264,5,19,0.03,47.74264879,revenue=provider_ttm|ebitda=provider_ttm|fcf=provider_ttm_fcf_field,revenue_ttm_from_provider|ebitda_ttm_from_provider|fcf_ttm_from_provider_fcf_field|growth_clamped_high|preferred_stock_assumed_zero
JIN.AX,JIN,Jumbo Interactive Limited,Consumer Cyclical,Gambling,AU,AUD,421341120,300421467.2,429346240.6,calculated,78075376,55668715.66,0.40334857,0.2391127019,239852567.5,96744190.11,87409783.05,62324264.17,0.1451608475,0.1365044269,0.07434304555,,0.07131692172,-0.2039012896,,-0.06629218393,17,119,0.03,57.55307712,revenue=provider_ttm|ebitda=provider_ttm|fcf=provider_ttm_fcf_field,revenue_ttm_from_provider|ebitda_ttm_from_provider|fcf_ttm_from_provider_fcf_field|preferred_stock_assumed_zero
JYC.AX,JYC,Joyce Corporation Ltd,Consumer Cyclical,Specialty Retail,AU,AUD,180372528,128607859.3,119869178.7,calculated,33407698,23820104.83,0.196648907,0.09163549077,185452486.6,36469028.8,34938363.4,24911488.33,0.2078222993,0.05142433444,0.1202392407,,-0.3410039869,-0.07499985067,,-0.2080019188,7,152,0.03,43.80844293,revenue=provider_ttm|ebitda=provider_ttm|fcf=provider_ttm_fcf_field,revenue_ttm_from_provider|ebitda_ttm_from_provider|fcf_ttm_from_provider_fcf_field|preferred_stock_assumed_zero
OML.AX,OML,oOh!media Limited,Communication Services,Advertising Agencies,AU,AUD,871549440,621425607.5,1368738955,calculated,185342128,132151246.1,0.2662758872,0.06670114446,742480523.2,197704660.1,191523394,136558565.7,0.09976962025,0.04667188037,-0.006272019792,,-0.3640356518,-0.4303121693,,-0.3971739105,41,189,0.03,51.37730285,revenue=provider_ttm|ebitda=provider_ttm|fcf=provider_ttm_fcf_field,revenue_ttm_from_provider|ebitda_ttm_from_provider|fcf_ttm_from_provider_fcf_field|preferred_stock_assumed_zero
ORE.AX,ORE,Orezone Gold Corporation,Basic Materials,Gold,AU,AUD,1857326208,1324296723,1337545723,calculated,210870000,210870000,0.08405891023,0.3,854058400,71791218.38,141330609.2,141330609.2,0.105664133,0.4149906211,0.4996444999,0.4907321002,1.420935584,0.9905761447,0.4962971319,0.9692696202,36,28,0.03,55.03931299,revenue=quarterly_sum|ebitda=quarterly_sum|fcf=quarterly_sum,reporting_currency_differs:USD_vs_AUD|growth_clamped_high|preferred_stock_assumed_zero
REG.AX,REG,Regis Healthcare Limited,Healthcare,Medical Care Facilities,AU,AUD,1367139200,974787279.9,845078192.8,calculated,348566496,248532253.7,0.2580827133,0.3,1755779917,453136444.8,400851470.4,285812091.8,0.3382078655,0.3732907383,0.2144618965,,1.218846787,0.1896285322,,0.7042376594,1,40,0.03,98.80633533,revenue=provider_ttm|ebitda=provider_ttm|fcf=provider_ttm_fcf_field,revenue_ttm_from_provider|ebitda_ttm_from_provider|fcf_ttm_from_provider_fcf_field|growth_clamped_high|preferred_stock_assumed_zero
RMS.AX,RMS,Ramelius Resources Limited,Basic Materials,Gold,AU,AUD,6800509952,4848848309,5501483584,calculated,654598976,466737224.2,0.6337946514,0.2847789274,1326951827,841014970.3,747806973.1,533195687.2,0.09691852735,0.1976252933,0.4135562977,,0.3675250054,0.7487937245,,0.558159365,43,47,0.03,78.59031253,revenue=provider_ttm|ebitda=provider_ttm|fcf=provider_ttm_fcf_field,stale_statements:807d|annual_history_below_preferred:3|revenue_ttm_from_provider|ebitda_ttm_from_provider|fcf_ttm_from_provider_fcf_field|preferred_stock_assumed_zero
RRL.AX,RRL,Regis Resources Limited,Basic Materials,Gold,AU,AUD,5728157696,4084247792,4900462385,calculated,709559488,505924753.9,0.3020560162,0.3,3053828710,922427334.4,815993411.2,581813466.9,0.1187262387,0.2521922767,0.5556862263,,0.6319712175,1.147971745,,0.889971481,25,31,0.03,99.11543679,revenue=provider_ttm|ebitda=provider_ttm|fcf=provider_ttm_fcf_field,revenue_ttm_from_provider|ebitda_ttm_from_provider|fcf_ttm_from_provider_fcf_field|growth_clamped_high|preferred_stock_assumed_zero
RSG.AX,RSG,Resolute Mining Limited,Basic Materials,Gold,AU,AUD,2800016896,1996446926,2088146926,calculated,213120992,213120992,0.2125259194,0.09200691028,1095064530,232729596,222925294,222925294,0.1067574753,0.110325542,0.3115881278,,-0.0555529643,0.4624117321,,0.2034293839,34,88,0.03,64.7318587,revenue=provider_ttm|ebitda=provider_ttm|fcf=provider_ttm_fcf_field,reporting_currency_differs:USD_vs_AUD|revenue_ttm_from_provider|ebitda_ttm_from_provider|fcf_ttm_from_provider_fcf_field|preferred_stock_assumed_zero
SEG.AX,SEG,Sports Entertainment Group Limited,Communication Services,Broadcasting,AU,AUD,82024664,58484607.2,62242895.86,calculated,23096500,16468092.21,0.1510226634,0.164662632,178116515,26899630.48,24998065.24,17823931.91,0.2863609038,0.1130699137,0.2247262994,,-0.04225300428,0.2184565495,,0.0881017726,2,99,0.03,39.18252601,revenue=provider_ttm|ebitda=provider_ttm|fcf=provider_ttm_fcf_field,revenue_ttm_from_provider|ebitda_ttm_from_provider|fcf_ttm_from_provider_fcf_field|preferred_stock_assumed_zero
SKT.AX,SKT,SKY Network Television Limited,Communication Services,Entertainment,AU,AUD,399257536,284675596.7,276068387.5,calculated,57748000,33249656.64,0.07001072997,0.05769847956,872437293.9,61079971.8,59413985.9,34208883.95,0.1239145281,0.02534864659,0.01648962182,,-0.4673737521,-0.3663851194,,-0.4168794357,23,191,0.03,40.22553811,revenue=provider_ttm|ebitda=provider_ttm|fcf=provider_ttm_fcf_field,reporting_currency_differs:NZD_vs_AUD|revenue_ttm_from_provider|ebitda_ttm_from_provider|fcf_ttm_from_provider_fcf_field|preferred_stock_assumed_zero
SRV.AX,SRV,Servcorp Limited,Real Estate,Real Estate Services,AU,AUD,615203520,438647773.3,768426729.8,calculated,163414256,116516400.2,0.4493130652,0.07477644235,390894025.3,175633792.7,169524024.3,120872741.1,0.1572989804,0.07252127872,0.04649656521,,-0.2387625462,-0.2821093278,,-0.260435937,14,163,0.03,74.16529287,revenue=provider_ttm|ebitda=provider_ttm|fcf=provider_ttm_fcf_field,stale_statements:807d|annual_history_below_preferred:3|revenue_ttm_from_provider|ebitda_ttm_from_provider|fcf_ttm_from_provider_fcf_field|preferred_stock_assumed_zero
TLC.AX,TLC,The Lottery Corporation Limited,Consumer Cyclical,Gambling,AU,AUD,1.081725133e+10,7712834946,9321319748,calculated,1410349952,1005597084,0.3938205078,-0.01533722982,3526274187,1388719091,1399534521,997885547.6,0.1070541055,-0.002184785113,0.01994259594,,-0.6008081342,-0.356687293,,-0.4787477136,33,212,0.03,106.9785986,revenue=provider_ttm|ebitda=provider_ttm|fcf=provider_ttm_fcf_field,revenue_ttm_from_provider|ebitda_ttm_from_provider|fcf_ttm_from_provider_fcf_field|preferred_stock_assumed_zero
UOS.AX,UOS,United Overseas Australia Ltd,Real Estate,Real Estate - Development,AU,AUD,1174334720,837315283.9,1191045042,calculated,150139872,107051599,0.5360032252,0.2651126648,354370728.8,189943853.6,170041862.8,121241966.4,0.1017946107,0.1959710476,0.2376633702,,0.3595080879,0.2547908696,,0.3071494788,40,77,0.03,50.38204323,revenue=provider_ttm|ebitda=provider_ttm|fcf=provider_ttm_fcf_field,revenue_ttm_from_provider|ebitda_ttm_from_provider|fcf_ttm_from_provider_fcf_field|preferred_stock_assumed_zero
WAF.AX,WAF,West African Resources Limited,Basic Materials,Gold,AU,AUD,4209574400,3001478985,2929678631,calculated,697664000,497443122.7,0.2759310375,0.3,3286919834,906963200,802313600,572059591.1,0.1952635982,0.3234125917,0.3889082636,,0.9771239336,0.6795686603,,0.8283462969,9,36,0.03,124.5197814,revenue=provider_ttm|ebitda=provider_ttm|fcf=provider_ttm_fcf_field,revenue_ttm_from_provider|ebitda_ttm_from_provider|fcf_ttm_from_provider_fcf_field|growth_clamped_high|preferred_stock_assumed_zero
WGX.AX,WGX,Westgold Resources Limited,Basic Materials,Gold,AU,AUD,5079214080,3621542910,3985444073,calculated,560522112,399659248.2,0.22963814,0.06907148656,2609489031,599238207.5,579880159.8,413461777.4,0.1037429631,0.05120039395,1.200930003,,-0.3420892625,2.960166656,,1.309038697,39,20,0.03,77.28652318,revenue=provider_ttm|ebitda=provider_ttm|fcf=provider_ttm_fcf_field,stale_statements:807d|annual_history_below_preferred:3|revenue_ttm_from_provider|ebitda_ttm_from_provider|fcf_ttm_from_provider_fcf_field|preferred_stock_assumed_zero
UNI.AX,UNI,Universal Store Holdings Limited,Consumer Cyclical,Apparel Retail,AU,AUD,543950528,387843502.4,522909452.1,calculated,66519624,47429320.54,0.1768470981,0.127422104,424070823.1,74995694.45,70757659.22,50451092.45,0.09648150792,0.1218138547,0.05208274953,,0.0001224754779,-0.2664202888,,-0.1331489066,44,134,0.02944057234,35.65066271,revenue=provider_ttm|ebitda=provider_ttm|fcf=provider_ttm_fcf_field,revenue_ttm_from_provider|ebitda_ttm_from_provider|fcf_ttm_from_provider_fcf_field|preferred_stock_assumed_zero
SSG.AX,SSG,Shaver Shop Group Limited,Consumer Cyclical,Specialty Retail,AU,AUD,169006112,120503463.1,144569812.5,provider,26634888,18991006.93,0.1183245903,-0.0137316172,222009202.3,26269147.91,26452017.96,18860618.31,0.1304602806,-0.007584849966,-0.01270930757,,-0.6269782944,-0.448391569,,-0.5376849317,22,218,0.02867756404,34.72670815,revenue=provider_ttm|ebitda=provider_ttm|fcf=provider_ttm_fcf_field,annual_history_below_preferred:3|revenue_ttm_from_provider|ebitda_ttm_from_provider|fcf_ttm_from_provider_fcf_field|total_debt_unavailable|cash_unavailable|ev_from_provider_fallback
MLG.AX,MLG,MLG Oz Limited,Basic Materials,Other Industrial Metals & Mining,AU,AUD,134683200,96030799.33,246884983.9,calculated,34860376,24855882.34,0.061480951,0.2023050948,681720223.7,41912807.67,38386591.84,27370118.16,0.110861818,0.2044372385,0.2971461772,,0.4005375159,0.4218508925,,0.4111942042,31,64,0.02759007377,33.40982651,revenue=provider_ttm|ebitda=provider_ttm|fcf=provider_ttm_fcf_field,revenue_ttm_from_provider|ebitda_ttm_from_provider|fcf_ttm_from_provider_fcf_field|preferred_stock_assumed_zero
KGN.AX,KGN,Kogan.com Ltd,Consumer Cyclical,Internet Retail,AU,AUD,312404448,222748263,247730080.5,calculated,38449876,27415240.55,0.07528385925,-0.04313542058,488701360.4,36791324.43,37620600.21,26823956.59,0.1082789645,-0.1319529039,0.3244831053,,-1.229699184,0.4986278312,,-0.3655356763,32,179,0.02676683453,32.4129361,revenue=provider_ttm|ebitda=provider_ttm|fcf=provider_ttm_fcf_field,revenue_ttm_from_provider|ebitda_ttm_from_provider|fcf_ttm_from_provider_fcf_field|preferred_stock_assumed_zero
A1N.AX,A1N,ARN Media Limited,Communication Services,Broadcasting,AU,AUD,89219352,63614509.37,400316816.8,calculated,48438752,34537433.57,0.1833446906,0.1121557843,293826006.3,53871438.22,51155095.11,36474220.05,0.09111338448,0.07583577677,1.020887794,,-0.2226996012,2.454510364,,1.115905382,48,25,0.02495300336,30.21650178,revenue=provider_ttm|ebitda=provider_ttm|fcf=provider_ttm_fcf_field,revenue_ttm_from_provider|ebitda_ttm_from_provider|fcf_ttm_from_provider_fcf_field|preferred_stock_assumed_zero
AR1.AX,AR1,Austral Resources Australia Ltd,Basic Materials,Copper,AU,AUD,185839968,132506212.2,160832058,calculated,23167750,16518894.35,2.723054772,0.07845991966,9175536.996,24985489.8,24076619.9,17166929.91,0.1067382344,0.26708337,0.2895060664,,0.7041374425,0.4003933123,,0.5522653774,35,49,0.02273855525,27.5349458,revenue=provider_ttm|ebitda=provider_ttm|fcf=provider_ttm_fcf_field,revenue_ttm_from_provider|ebitda_ttm_from_provider|fcf_ttm_from_provider_fcf_field|preferred_stock_assumed_zero
ANG.AX,ANG,Austin Engineering Limited,Industrials,Farm & Heavy Construction Machinery,AU,AUD,102813296,73307160.78,183521774.3,calculated,24490250,17461853.32,0.07444772572,0.0007303130139,329199251,24508135.55,24499192.77,17468229.63,0.09518341732,0.08839822643,-0.02802867661,,-0.1618186064,-0.4914166761,,-0.3266176413,45,176,0.0203949619,24.69700315,revenue=provider_ttm|ebitda=provider_ttm|fcf=provider_ttm_fcf_field,revenue_ttm_from_provider|ebitda_ttm_from_provider|fcf_ttm_from_provider_fcf_field|preferred_stock_assumed_zero
VLS.AX,VLS,Vita Life Sciences Limited,Healthcare,Drug Manufacturers - Specialty & Generic,AU,AUD,150705152,107454650.7,83739143.37,calculated,12497160,8910630.756,0.1301367267,0.1395806941,109435073.6,14241522.27,13369341.13,9532506.769,0.113835733,0.107699269,0.1014407505,,-0.06828058621,-0.1277962192,,-0.0980384027,29,125,0.01993240137,24.13687174,revenue=provider_ttm|ebitda=provider_ttm|fcf=provider_ttm_fcf_field,revenue_ttm_from_provider|ebitda_ttm_from_provider|fcf_ttm_from_provider_fcf_field|preferred_stock_assumed_zero
TWD.AX,TWD,Tamawood Limited,Consumer Cyclical,Residential Construction,AU,AUD,103303456,73656650.97,69289449.67,calculated,10350000,7379678.929,0.08228849472,0.205264087,151594501.1,12474483.3,11412241.65,8137070.458,0.1174359227,0.1672166283,0.3189506469,,0.2201564727,0.4830896836,,0.3516230781,27,71,0.01950603345,23.62056727,revenue=provider_ttm|ebitda=provider_ttm|fcf=provider_ttm_fcf_field,revenue_ttm_from_provider|ebitda_ttm_from_provider|fcf_ttm_from_provider_fcf_field|preferred_stock_assumed_zero
